,Class,Sex,Age,Survived
1,1st,Male,Child,No
2,2nd,Male,Child,No
3,3rd,Male,Child,No
3,3rd,Male,Child,No
3,3rd,Male,Child,No
3,3rd,Male,Child,No
3,3rd,Male,Child,No
3,3rd,Male,Child,No
3,3rd,Male,Child,No
3,3rd,Male,Child,No
3,3rd,Male,Child,No
3,3rd,Male,Child,No
3,3rd,Male,Child,No
3,3rd,Male,Child,No
3,3rd,Male,Child,No
3,3rd,Male,Child,No
3,3rd,Male,Child,No
3,3rd,Male,Child,No
3,3rd,Male,Child,No
3,3rd,Male,Child,No
3,3rd,Male,Child,No
3,3rd,Male,Child,No
3,3rd,Male,Child,No
3,3rd,Male,Child,No
3,3rd,Male,Child,No
3,3rd,Male,Child,No
3,3rd,Male,Child,No
3,3rd,Male,Child,No
3,3rd,Male,Child,No
3,3rd,Male,Child,No
3,3rd,Male,Child,No
3,3rd,Male,Child,No
3,3rd,Male,Child,No
3,3rd,Male,Child,No
3,3rd,Male,Child,No
3,3rd,Male,Child,No
3,3rd,Male,Child,No
4,Crew,Male,Child,No
5,1st,Female,Child,No
6,2nd,Female,Child,No
7,3rd,Female,Child,No
7,3rd,Female,Child,No
7,3rd,Female,Child,No
7,3rd,Female,Child,No
7,3rd,Female,Child,No
7,3rd,Female,Child,No
7,3rd,Female,Child,No
7,3rd,Female,Child,No
7,3rd,Female,Child,No
7,3rd,Female,Child,No
7,3rd,Female,Child,No
7,3rd,Female,Child,No
7,3rd,Female,Child,No
7,3rd,Female,Child,No
7,3rd,Female,Child,No
7,3rd,Female,Child,No
7,3rd,Female,Child,No
8,Crew,Female,Child,No
9,1st,Male,Adult,No
9,1st,Male,Adult,No
9,1st,Male,Adult,No
9,1st,Male,Adult,No
9,1st,Male,Adult,No
9,1st,Male,Adult,No
9,1st,Male,Adult,No
9,1st,Male,Adult,No
9,1st,Male,Adult,No
9,1st,Male,Adult,No
9,1st,Male,Adult,No
9,1st,Male,Adult,No
9,1st,Male,Adult,No
9,1st,Male,Adult,No
9,1st,Male,Adult,No
9,1st,Male,Adult,No
9,1st,Male,Adult,No
9,1st,Male,Adult,No
9,1st,Male,Adult,No
9,1st,Male,Adult,No
9,1st,Male,Adult,No
9,1st,Male,Adult,No
9,1st,Male,Adult,No
9,1st,Male,Adult,No
9,1st,Male,Adult,No
9,1st,Male,Adult,No
9,1st,Male,Adult,No
9,1st,Male,Adult,No
9,1st,Male,Adult,No
9,1st,Male,Adult,No
9,1st,Male,Adult,No
9,1st,Male,Adult,No
9,1st,Male,Adult,No
9,1st,Male,Adult,No
9,1st,Male,Adult,No
9,1st,Male,Adult,No
9,1st,Male,Adult,No
9,1st,Male,Adult,No
9,1st,Male,Adult,No
9,1st,Male,Adult,No
9,1st,Male,Adult,No
9,1st,Male,Adult,No
9,1st,Male,Adult,No
9,1st,Male,Adult,No
9,1st,Male,Adult,No
9,1st,Male,Adult,No
9,1st,Male,Adult,No
9,1st,Male,Adult,No
9,1st,Male,Adult,No
9,1st,Male,Adult,No
9,1st,Male,Adult,No
9,1st,Male,Adult,No
9,1st,Male,Adult,No
9,1st,Male,Adult,No
9,1st,Male,Adult,No
9,1st,Male,Adult,No
9,1st,Male,Adult,No
9,1st,Male,Adult,No
9,1st,Male,Adult,No
9,1st,Male,Adult,No
9,1st,Male,Adult,No
9,1st,Male,Adult,No
9,1st,Male,Adult,No
9,1st,Male,Adult,No
9,1st,Male,Adult,No
9,1st,Male,Adult,No
9,1st,Male,Adult,No
9,1st,Male,Adult,No
9,1st,Male,Adult,No
9,1st,Male,Adult,No
9,1st,Male,Adult,No
9,1st,Male,Adult,No
9,1st,Male,Adult,No
9,1st,Male,Adult,No
9,1st,Male,Adult,No
9,1st,Male,Adult,No
9,1st,Male,Adult,No
9,1st,Male,Adult,No
9,1st,Male,Adult,No
9,1st,Male,Adult,No
9,1st,Male,Adult,No
9,1st,Male,Adult,No
9,1st,Male,Adult,No
9,1st,Male,Adult,No
9,1st,Male,Adult,No
9,1st,Male,Adult,No
9,1st,Male,Adult,No
9,1st,Male,Adult,No
9,1st,Male,Adult,No
9,1st,Male,Adult,No
9,1st,Male,Adult,No
9,1st,Male,Adult,No
9,1st,Male,Adult,No
9,1st,Male,Adult,No
9,1st,Male,Adult,No
9,1st,Male,Adult,No
9,1st,Male,Adult,No
9,1st,Male,Adult,No
9,1st,Male,Adult,No
9,1st,Male,Adult,No
9,1st,Male,Adult,No
9,1st,Male,Adult,No
9,1st,Male,Adult,No
9,1st,Male,Adult,No
9,1st,Male,Adult,No
9,1st,Male,Adult,No
9,1st,Male,Adult,No
9,1st,Male,Adult,No
9,1st,Male,Adult,No
9,1st,Male,Adult,No
9,1st,Male,Adult,No
9,1st,Male,Adult,No
9,1st,Male,Adult,No
9,1st,Male,Adult,No
9,1st,Male,Adult,No
9,1st,Male,Adult,No
9,1st,Male,Adult,No
9,1st,Male,Adult,No
10,2nd,Male,Adult,No
10,2nd,Male,Adult,No
10,2nd,Male,Adult,No
10,2nd,Male,Adult,No
10,2nd,Male,Adult,No
10,2nd,Male,Adult,No
10,2nd,Male,Adult,No
10,2nd,Male,Adult,No
10,2nd,Male,Adult,No
10,2nd,Male,Adult,No
10,2nd,Male,Adult,No
10,2nd,Male,Adult,No
10,2nd,Male,Adult,No
10,2nd,Male,Adult,No
10,2nd,Male,Adult,No
10,2nd,Male,Adult,No
10,2nd,Male,Adult,No
10,2nd,Male,Adult,No
10,2nd,Male,Adult,No
10,2nd,Male,Adult,No
10,2nd,Male,Adult,No
10,2nd,Male,Adult,No
10,2nd,Male,Adult,No
10,2nd,Male,Adult,No
10,2nd,Male,Adult,No
10,2nd,Male,Adult,No
10,2nd,Male,Adult,No
10,2nd,Male,Adult,No
10,2nd,Male,Adult,No
10,2nd,Male,Adult,No
10,2nd,Male,Adult,No
10,2nd,Male,Adult,No
10,2nd,Male,Adult,No
10,2nd,Male,Adult,No
10,2nd,Male,Adult,No
10,2nd,Male,Adult,No
10,2nd,Male,Adult,No
10,2nd,Male,Adult,No
10,2nd,Male,Adult,No
10,2nd,Male,Adult,No
10,2nd,Male,Adult,No
10,2nd,Male,Adult,No
10,2nd,Male,Adult,No
10,2nd,Male,Adult,No
10,2nd,Male,Adult,No
10,2nd,Male,Adult,No
10,2nd,Male,Adult,No
10,2nd,Male,Adult,No
10,2nd,Male,Adult,No
10,2nd,Male,Adult,No
10,2nd,Male,Adult,No
10,2nd,Male,Adult,No
10,2nd,Male,Adult,No
10,2nd,Male,Adult,No
10,2nd,Male,Adult,No
10,2nd,Male,Adult,No
10,2nd,Male,Adult,No
10,2nd,Male,Adult,No
10,2nd,Male,Adult,No
10,2nd,Male,Adult,No
10,2nd,Male,Adult,No
10,2nd,Male,Adult,No
10,2nd,Male,Adult,No
10,2nd,Male,Adult,No
10,2nd,Male,Adult,No
10,2nd,Male,Adult,No
10,2nd,Male,Adult,No
10,2nd,Male,Adult,No
10,2nd,Male,Adult,No
10,2nd,Male,Adult,No
10,2nd,Male,Adult,No
10,2nd,Male,Adult,No
10,2nd,Male,Adult,No
10,2nd,Male,Adult,No
10,2nd,Male,Adult,No
10,2nd,Male,Adult,No
10,2nd,Male,Adult,No
10,2nd,Male,Adult,No
10,2nd,Male,Adult,No
10,2nd,Male,Adult,No
10,2nd,Male,Adult,No
10,2nd,Male,Adult,No
10,2nd,Male,Adult,No
10,2nd,Male,Adult,No
10,2nd,Male,Adult,No
10,2nd,Male,Adult,No
10,2nd,Male,Adult,No
10,2nd,Male,Adult,No
10,2nd,Male,Adult,No
10,2nd,Male,Adult,No
10,2nd,Male,Adult,No
10,2nd,Male,Adult,No
10,2nd,Male,Adult,No
10,2nd,Male,Adult,No
10,2nd,Male,Adult,No
10,2nd,Male,Adult,No
10,2nd,Male,Adult,No
10,2nd,Male,Adult,No
10,2nd,Male,Adult,No
10,2nd,Male,Adult,No
10,2nd,Male,Adult,No
10,2nd,Male,Adult,No
10,2nd,Male,Adult,No
10,2nd,Male,Adult,No
10,2nd,Male,Adult,No
10,2nd,Male,Adult,No
10,2nd,Male,Adult,No
10,2nd,Male,Adult,No
10,2nd,Male,Adult,No
10,2nd,Male,Adult,No
10,2nd,Male,Adult,No
10,2nd,Male,Adult,No
10,2nd,Male,Adult,No
10,2nd,Male,Adult,No
10,2nd,Male,Adult,No
10,2nd,Male,Adult,No
10,2nd,Male,Adult,No
10,2nd,Male,Adult,No
10,2nd,Male,Adult,No
10,2nd,Male,Adult,No
10,2nd,Male,Adult,No
10,2nd,Male,Adult,No
10,2nd,Male,Adult,No
10,2nd,Male,Adult,No
10,2nd,Male,Adult,No
10,2nd,Male,Adult,No
10,2nd,Male,Adult,No
10,2nd,Male,Adult,No
10,2nd,Male,Adult,No
10,2nd,Male,Adult,No
10,2nd,Male,Adult,No
10,2nd,Male,Adult,No
10,2nd,Male,Adult,No
10,2nd,Male,Adult,No
10,2nd,Male,Adult,No
10,2nd,Male,Adult,No
10,2nd,Male,Adult,No
10,2nd,Male,Adult,No
10,2nd,Male,Adult,No
10,2nd,Male,Adult,No
10,2nd,Male,Adult,No
10,2nd,Male,Adult,No
10,2nd,Male,Adult,No
10,2nd,Male,Adult,No
10,2nd,Male,Adult,No
10,2nd,Male,Adult,No
10,2nd,Male,Adult,No
10,2nd,Male,Adult,No
10,2nd,Male,Adult,No
10,2nd,Male,Adult,No
10,2nd,Male,Adult,No
10,2nd,Male,Adult,No
10,2nd,Male,Adult,No
10,2nd,Male,Adult,No
11,3rd,Male,Adult,No
11,3rd,Male,Adult,No
11,3rd,Male,Adult,No
11,3rd,Male,Adult,No
11,3rd,Male,Adult,No
11,3rd,Male,Adult,No
11,3rd,Male,Adult,No
11,3rd,Male,Adult,No
11,3rd,Male,Adult,No
11,3rd,Male,Adult,No
11,3rd,Male,Adult,No
11,3rd,Male,Adult,No
11,3rd,Male,Adult,No
11,3rd,Male,Adult,No
11,3rd,Male,Adult,No
11,3rd,Male,Adult,No
11,3rd,Male,Adult,No
11,3rd,Male,Adult,No
11,3rd,Male,Adult,No
11,3rd,Male,Adult,No
11,3rd,Male,Adult,No
11,3rd,Male,Adult,No
11,3rd,Male,Adult,No
11,3rd,Male,Adult,No
11,3rd,Male,Adult,No
11,3rd,Male,Adult,No
11,3rd,Male,Adult,No
11,3rd,Male,Adult,No
11,3rd,Male,Adult,No
11,3rd,Male,Adult,No
11,3rd,Male,Adult,No
11,3rd,Male,Adult,No
11,3rd,Male,Adult,No
11,3rd,Male,Adult,No
11,3rd,Male,Adult,No
11,3rd,Male,Adult,No
11,3rd,Male,Adult,No
11,3rd,Male,Adult,No
11,3rd,Male,Adult,No
11,3rd,Male,Adult,No
11,3rd,Male,Adult,No
11,3rd,Male,Adult,No
11,3rd,Male,Adult,No
11,3rd,Male,Adult,No
11,3rd,Male,Adult,No
11,3rd,Male,Adult,No
11,3rd,Male,Adult,No
11,3rd,Male,Adult,No
11,3rd,Male,Adult,No
11,3rd,Male,Adult,No
11,3rd,Male,Adult,No
11,3rd,Male,Adult,No
11,3rd,Male,Adult,No
11,3rd,Male,Adult,No
11,3rd,Male,Adult,No
11,3rd,Male,Adult,No
11,3rd,Male,Adult,No
11,3rd,Male,Adult,No
11,3rd,Male,Adult,No
11,3rd,Male,Adult,No
11,3rd,Male,Adult,No
11,3rd,Male,Adult,No
11,3rd,Male,Adult,No
11,3rd,Male,Adult,No
11,3rd,Male,Adult,No
11,3rd,Male,Adult,No
11,3rd,Male,Adult,No
11,3rd,Male,Adult,No
11,3rd,Male,Adult,No
11,3rd,Male,Adult,No
11,3rd,Male,Adult,No
11,3rd,Male,Adult,No
11,3rd,Male,Adult,No
11,3rd,Male,Adult,No
11,3rd,Male,Adult,No
11,3rd,Male,Adult,No
11,3rd,Male,Adult,No
11,3rd,Male,Adult,No
11,3rd,Male,Adult,No
11,3rd,Male,Adult,No
11,3rd,Male,Adult,No
11,3rd,Male,Adult,No
11,3rd,Male,Adult,No
11,3rd,Male,Adult,No
11,3rd,Male,Adult,No
11,3rd,Male,Adult,No
11,3rd,Male,Adult,No
11,3rd,Male,Adult,No
11,3rd,Male,Adult,No
11,3rd,Male,Adult,No
11,3rd,Male,Adult,No
11,3rd,Male,Adult,No
11,3rd,Male,Adult,No
11,3rd,Male,Adult,No
11,3rd,Male,Adult,No
11,3rd,Male,Adult,No
11,3rd,Male,Adult,No
11,3rd,Male,Adult,No
11,3rd,Male,Adult,No
11,3rd,Male,Adult,No
11,3rd,Male,Adult,No
11,3rd,Male,Adult,No
11,3rd,Male,Adult,No
11,3rd,Male,Adult,No
11,3rd,Male,Adult,No
11,3rd,Male,Adult,No
11,3rd,Male,Adult,No
11,3rd,Male,Adult,No
11,3rd,Male,Adult,No
11,3rd,Male,Adult,No
11,3rd,Male,Adult,No
11,3rd,Male,Adult,No
11,3rd,Male,Adult,No
11,3rd,Male,Adult,No
11,3rd,Male,Adult,No
11,3rd,Male,Adult,No
11,3rd,Male,Adult,No
11,3rd,Male,Adult,No
11,3rd,Male,Adult,No
11,3rd,Male,Adult,No
11,3rd,Male,Adult,No
11,3rd,Male,Adult,No
11,3rd,Male,Adult,No
11,3rd,Male,Adult,No
11,3rd,Male,Adult,No
11,3rd,Male,Adult,No
11,3rd,Male,Adult,No
11,3rd,Male,Adult,No
11,3rd,Male,Adult,No
11,3rd,Male,Adult,No
11,3rd,Male,Adult,No
11,3rd,Male,Adult,No
11,3rd,Male,Adult,No
11,3rd,Male,Adult,No
11,3rd,Male,Adult,No
11,3rd,Male,Adult,No
11,3rd,Male,Adult,No
11,3rd,Male,Adult,No
11,3rd,Male,Adult,No
11,3rd,Male,Adult,No
11,3rd,Male,Adult,No
11,3rd,Male,Adult,No
11,3rd,Male,Adult,No
11,3rd,Male,Adult,No
11,3rd,Male,Adult,No
11,3rd,Male,Adult,No
11,3rd,Male,Adult,No
11,3rd,Male,Adult,No
11,3rd,Male,Adult,No
11,3rd,Male,Adult,No
11,3rd,Male,Adult,No
11,3rd,Male,Adult,No
11,3rd,Male,Adult,No
11,3rd,Male,Adult,No
11,3rd,Male,Adult,No
11,3rd,Male,Adult,No
11,3rd,Male,Adult,No
11,3rd,Male,Adult,No
11,3rd,Male,Adult,No
11,3rd,Male,Adult,No
11,3rd,Male,Adult,No
11,3rd,Male,Adult,No
11,3rd,Male,Adult,No
11,3rd,Male,Adult,No
11,3rd,Male,Adult,No
11,3rd,Male,Adult,No
11,3rd,Male,Adult,No
11,3rd,Male,Adult,No
11,3rd,Male,Adult,No
11,3rd,Male,Adult,No
11,3rd,Male,Adult,No
11,3rd,Male,Adult,No
11,3rd,Male,Adult,No
11,3rd,Male,Adult,No
11,3rd,Male,Adult,No
11,3rd,Male,Adult,No
11,3rd,Male,Adult,No
11,3rd,Male,Adult,No
11,3rd,Male,Adult,No
11,3rd,Male,Adult,No
11,3rd,Male,Adult,No
11,3rd,Male,Adult,No
11,3rd,Male,Adult,No
11,3rd,Male,Adult,No
11,3rd,Male,Adult,No
11,3rd,Male,Adult,No
11,3rd,Male,Adult,No
11,3rd,Male,Adult,No
11,3rd,Male,Adult,No
11,3rd,Male,Adult,No
11,3rd,Male,Adult,No
11,3rd,Male,Adult,No
11,3rd,Male,Adult,No
11,3rd,Male,Adult,No
11,3rd,Male,Adult,No
11,3rd,Male,Adult,No
11,3rd,Male,Adult,No
11,3rd,Male,Adult,No
11,3rd,Male,Adult,No
11,3rd,Male,Adult,No
11,3rd,Male,Adult,No
11,3rd,Male,Adult,No
11,3rd,Male,Adult,No
11,3rd,Male,Adult,No
11,3rd,Male,Adult,No
11,3rd,Male,Adult,No
11,3rd,Male,Adult,No
11,3rd,Male,Adult,No
11,3rd,Male,Adult,No
11,3rd,Male,Adult,No
11,3rd,Male,Adult,No
11,3rd,Male,Adult,No
11,3rd,Male,Adult,No
11,3rd,Male,Adult,No
11,3rd,Male,Adult,No
11,3rd,Male,Adult,No
11,3rd,Male,Adult,No
11,3rd,Male,Adult,No
11,3rd,Male,Adult,No
11,3rd,Male,Adult,No
11,3rd,Male,Adult,No
11,3rd,Male,Adult,No
11,3rd,Male,Adult,No
11,3rd,Male,Adult,No
11,3rd,Male,Adult,No
11,3rd,Male,Adult,No
11,3rd,Male,Adult,No
11,3rd,Male,Adult,No
11,3rd,Male,Adult,No
11,3rd,Male,Adult,No
11,3rd,Male,Adult,No
11,3rd,Male,Adult,No
11,3rd,Male,Adult,No
11,3rd,Male,Adult,No
11,3rd,Male,Adult,No
11,3rd,Male,Adult,No
11,3rd,Male,Adult,No
11,3rd,Male,Adult,No
11,3rd,Male,Adult,No
11,3rd,Male,Adult,No
11,3rd,Male,Adult,No
11,3rd,Male,Adult,No
11,3rd,Male,Adult,No
11,3rd,Male,Adult,No
11,3rd,Male,Adult,No
11,3rd,Male,Adult,No
11,3rd,Male,Adult,No
11,3rd,Male,Adult,No
11,3rd,Male,Adult,No
11,3rd,Male,Adult,No
11,3rd,Male,Adult,No
11,3rd,Male,Adult,No
11,3rd,Male,Adult,No
11,3rd,Male,Adult,No
11,3rd,Male,Adult,No
11,3rd,Male,Adult,No
11,3rd,Male,Adult,No
11,3rd,Male,Adult,No
11,3rd,Male,Adult,No
11,3rd,Male,Adult,No
11,3rd,Male,Adult,No
11,3rd,Male,Adult,No
11,3rd,Male,Adult,No
11,3rd,Male,Adult,No
11,3rd,Male,Adult,No
11,3rd,Male,Adult,No
11,3rd,Male,Adult,No
11,3rd,Male,Adult,No
11,3rd,Male,Adult,No
11,3rd,Male,Adult,No
11,3rd,Male,Adult,No
11,3rd,Male,Adult,No
11,3rd,Male,Adult,No
11,3rd,Male,Adult,No
11,3rd,Male,Adult,No
11,3rd,Male,Adult,No
11,3rd,Male,Adult,No
11,3rd,Male,Adult,No
11,3rd,Male,Adult,No
11,3rd,Male,Adult,No
11,3rd,Male,Adult,No
11,3rd,Male,Adult,No
11,3rd,Male,Adult,No
11,3rd,Male,Adult,No
11,3rd,Male,Adult,No
11,3rd,Male,Adult,No
11,3rd,Male,Adult,No
11,3rd,Male,Adult,No
11,3rd,Male,Adult,No
11,3rd,Male,Adult,No
11,3rd,Male,Adult,No
11,3rd,Male,Adult,No
11,3rd,Male,Adult,No
11,3rd,Male,Adult,No
11,3rd,Male,Adult,No
11,3rd,Male,Adult,No
11,3rd,Male,Adult,No
11,3rd,Male,Adult,No
11,3rd,Male,Adult,No
11,3rd,Male,Adult,No
11,3rd,Male,Adult,No
11,3rd,Male,Adult,No
11,3rd,Male,Adult,No
11,3rd,Male,Adult,No
11,3rd,Male,Adult,No
11,3rd,Male,Adult,No
11,3rd,Male,Adult,No
11,3rd,Male,Adult,No
11,3rd,Male,Adult,No
11,3rd,Male,Adult,No
11,3rd,Male,Adult,No
11,3rd,Male,Adult,No
11,3rd,Male,Adult,No
11,3rd,Male,Adult,No
11,3rd,Male,Adult,No
11,3rd,Male,Adult,No
11,3rd,Male,Adult,No
11,3rd,Male,Adult,No
11,3rd,Male,Adult,No
11,3rd,Male,Adult,No
11,3rd,Male,Adult,No
11,3rd,Male,Adult,No
11,3rd,Male,Adult,No
11,3rd,Male,Adult,No
11,3rd,Male,Adult,No
11,3rd,Male,Adult,No
11,3rd,Male,Adult,No
11,3rd,Male,Adult,No
11,3rd,Male,Adult,No
11,3rd,Male,Adult,No
11,3rd,Male,Adult,No
11,3rd,Male,Adult,No
11,3rd,Male,Adult,No
11,3rd,Male,Adult,No
11,3rd,Male,Adult,No
11,3rd,Male,Adult,No
11,3rd,Male,Adult,No
11,3rd,Male,Adult,No
11,3rd,Male,Adult,No
11,3rd,Male,Adult,No
11,3rd,Male,Adult,No
11,3rd,Male,Adult,No
11,3rd,Male,Adult,No
11,3rd,Male,Adult,No
11,3rd,Male,Adult,No
11,3rd,Male,Adult,No
11,3rd,Male,Adult,No
11,3rd,Male,Adult,No
11,3rd,Male,Adult,No
11,3rd,Male,Adult,No
11,3rd,Male,Adult,No
11,3rd,Male,Adult,No
11,3rd,Male,Adult,No
11,3rd,Male,Adult,No
11,3rd,Male,Adult,No
11,3rd,Male,Adult,No
11,3rd,Male,Adult,No
11,3rd,Male,Adult,No
11,3rd,Male,Adult,No
11,3rd,Male,Adult,No
11,3rd,Male,Adult,No
11,3rd,Male,Adult,No
11,3rd,Male,Adult,No
11,3rd,Male,Adult,No
11,3rd,Male,Adult,No
11,3rd,Male,Adult,No
11,3rd,Male,Adult,No
11,3rd,Male,Adult,No
11,3rd,Male,Adult,No
11,3rd,Male,Adult,No
11,3rd,Male,Adult,No
11,3rd,Male,Adult,No
11,3rd,Male,Adult,No
11,3rd,Male,Adult,No
11,3rd,Male,Adult,No
11,3rd,Male,Adult,No
11,3rd,Male,Adult,No
11,3rd,Male,Adult,No
11,3rd,Male,Adult,No
11,3rd,Male,Adult,No
11,3rd,Male,Adult,No
11,3rd,Male,Adult,No
11,3rd,Male,Adult,No
11,3rd,Male,Adult,No
11,3rd,Male,Adult,No
11,3rd,Male,Adult,No
11,3rd,Male,Adult,No
12,Crew,Male,Adult,No
12,Crew,Male,Adult,No
12,Crew,Male,Adult,No
12,Crew,Male,Adult,No
12,Crew,Male,Adult,No
12,Crew,Male,Adult,No
12,Crew,Male,Adult,No
12,Crew,Male,Adult,No
12,Crew,Male,Adult,No
12,Crew,Male,Adult,No
12,Crew,Male,Adult,No
12,Crew,Male,Adult,No
12,Crew,Male,Adult,No
12,Crew,Male,Adult,No
12,Crew,Male,Adult,No
12,Crew,Male,Adult,No
12,Crew,Male,Adult,No
12,Crew,Male,Adult,No
12,Crew,Male,Adult,No
12,Crew,Male,Adult,No
12,Crew,Male,Adult,No
12,Crew,Male,Adult,No
12,Crew,Male,Adult,No
12,Crew,Male,Adult,No
12,Crew,Male,Adult,No
12,Crew,Male,Adult,No
12,Crew,Male,Adult,No
12,Crew,Male,Adult,No
12,Crew,Male,Adult,No
12,Crew,Male,Adult,No
12,Crew,Male,Adult,No
12,Crew,Male,Adult,No
12,Crew,Male,Adult,No
12,Crew,Male,Adult,No
12,Crew,Male,Adult,No
12,Crew,Male,Adult,No
12,Crew,Male,Adult,No
12,Crew,Male,Adult,No
12,Crew,Male,Adult,No
12,Crew,Male,Adult,No
12,Crew,Male,Adult,No
12,Crew,Male,Adult,No
12,Crew,Male,Adult,No
12,Crew,Male,Adult,No
12,Crew,Male,Adult,No
12,Crew,Male,Adult,No
12,Crew,Male,Adult,No
12,Crew,Male,Adult,No
12,Crew,Male,Adult,No
12,Crew,Male,Adult,No
12,Crew,Male,Adult,No
12,Crew,Male,Adult,No
12,Crew,Male,Adult,No
12,Crew,Male,Adult,No
12,Crew,Male,Adult,No
12,Crew,Male,Adult,No
12,Crew,Male,Adult,No
12,Crew,Male,Adult,No
12,Crew,Male,Adult,No
12,Crew,Male,Adult,No
12,Crew,Male,Adult,No
12,Crew,Male,Adult,No
12,Crew,Male,Adult,No
12,Crew,Male,Adult,No
12,Crew,Male,Adult,No
12,Crew,Male,Adult,No
12,Crew,Male,Adult,No
12,Crew,Male,Adult,No
12,Crew,Male,Adult,No
12,Crew,Male,Adult,No
12,Crew,Male,Adult,No
12,Crew,Male,Adult,No
12,Crew,Male,Adult,No
12,Crew,Male,Adult,No
12,Crew,Male,Adult,No
12,Crew,Male,Adult,No
12,Crew,Male,Adult,No
12,Crew,Male,Adult,No
12,Crew,Male,Adult,No
12,Crew,Male,Adult,No
12,Crew,Male,Adult,No
12,Crew,Male,Adult,No
12,Crew,Male,Adult,No
12,Crew,Male,Adult,No
12,Crew,Male,Adult,No
12,Crew,Male,Adult,No
12,Crew,Male,Adult,No
12,Crew,Male,Adult,No
12,Crew,Male,Adult,No
12,Crew,Male,Adult,No
12,Crew,Male,Adult,No
12,Crew,Male,Adult,No
12,Crew,Male,Adult,No
12,Crew,Male,Adult,No
12,Crew,Male,Adult,No
12,Crew,Male,Adult,No
12,Crew,Male,Adult,No
12,Crew,Male,Adult,No
12,Crew,Male,Adult,No
12,Crew,Male,Adult,No
12,Crew,Male,Adult,No
12,Crew,Male,Adult,No
12,Crew,Male,Adult,No
12,Crew,Male,Adult,No
12,Crew,Male,Adult,No
12,Crew,Male,Adult,No
12,Crew,Male,Adult,No
12,Crew,Male,Adult,No
12,Crew,Male,Adult,No
12,Crew,Male,Adult,No
12,Crew,Male,Adult,No
12,Crew,Male,Adult,No
12,Crew,Male,Adult,No
12,Crew,Male,Adult,No
12,Crew,Male,Adult,No
12,Crew,Male,Adult,No
12,Crew,Male,Adult,No
12,Crew,Male,Adult,No
12,Crew,Male,Adult,No
12,Crew,Male,Adult,No
12,Crew,Male,Adult,No
12,Crew,Male,Adult,No
12,Crew,Male,Adult,No
12,Crew,Male,Adult,No
12,Crew,Male,Adult,No
12,Crew,Male,Adult,No
12,Crew,Male,Adult,No
12,Crew,Male,Adult,No
12,Crew,Male,Adult,No
12,Crew,Male,Adult,No
12,Crew,Male,Adult,No
12,Crew,Male,Adult,No
12,Crew,Male,Adult,No
12,Crew,Male,Adult,No
12,Crew,Male,Adult,No
12,Crew,Male,Adult,No
12,Crew,Male,Adult,No
12,Crew,Male,Adult,No
12,Crew,Male,Adult,No
12,Crew,Male,Adult,No
12,Crew,Male,Adult,No
12,Crew,Male,Adult,No
12,Crew,Male,Adult,No
12,Crew,Male,Adult,No
12,Crew,Male,Adult,No
12,Crew,Male,Adult,No
12,Crew,Male,Adult,No
12,Crew,Male,Adult,No
12,Crew,Male,Adult,No
12,Crew,Male,Adult,No
12,Crew,Male,Adult,No
12,Crew,Male,Adult,No
12,Crew,Male,Adult,No
12,Crew,Male,Adult,No
12,Crew,Male,Adult,No
12,Crew,Male,Adult,No
12,Crew,Male,Adult,No
12,Crew,Male,Adult,No
12,Crew,Male,Adult,No
12,Crew,Male,Adult,No
12,Crew,Male,Adult,No
12,Crew,Male,Adult,No
12,Crew,Male,Adult,No
12,Crew,Male,Adult,No
12,Crew,Male,Adult,No
12,Crew,Male,Adult,No
12,Crew,Male,Adult,No
12,Crew,Male,Adult,No
12,Crew,Male,Adult,No
12,Crew,Male,Adult,No
12,Crew,Male,Adult,No
12,Crew,Male,Adult,No
12,Crew,Male,Adult,No
12,Crew,Male,Adult,No
12,Crew,Male,Adult,No
12,Crew,Male,Adult,No
12,Crew,Male,Adult,No
12,Crew,Male,Adult,No
12,Crew,Male,Adult,No
12,Crew,Male,Adult,No
12,Crew,Male,Adult,No
12,Crew,Male,Adult,No
12,Crew,Male,Adult,No
12,Crew,Male,Adult,No
12,Crew,Male,Adult,No
12,Crew,Male,Adult,No
12,Crew,Male,Adult,No
12,Crew,Male,Adult,No
12,Crew,Male,Adult,No
12,Crew,Male,Adult,No
12,Crew,Male,Adult,No
12,Crew,Male,Adult,No
12,Crew,Male,Adult,No
12,Crew,Male,Adult,No
12,Crew,Male,Adult,No
12,Crew,Male,Adult,No
12,Crew,Male,Adult,No
12,Crew,Male,Adult,No
12,Crew,Male,Adult,No
12,Crew,Male,Adult,No
12,Crew,Male,Adult,No
12,Crew,Male,Adult,No
12,Crew,Male,Adult,No
12,Crew,Male,Adult,No
12,Crew,Male,Adult,No
12,Crew,Male,Adult,No
12,Crew,Male,Adult,No
12,Crew,Male,Adult,No
12,Crew,Male,Adult,No
12,Crew,Male,Adult,No
12,Crew,Male,Adult,No
12,Crew,Male,Adult,No
12,Crew,Male,Adult,No
12,Crew,Male,Adult,No
12,Crew,Male,Adult,No
12,Crew,Male,Adult,No
12,Crew,Male,Adult,No
12,Crew,Male,Adult,No
12,Crew,Male,Adult,No
12,Crew,Male,Adult,No
12,Crew,Male,Adult,No
12,Crew,Male,Adult,No
12,Crew,Male,Adult,No
12,Crew,Male,Adult,No
12,Crew,Male,Adult,No
12,Crew,Male,Adult,No
12,Crew,Male,Adult,No
12,Crew,Male,Adult,No
12,Crew,Male,Adult,No
12,Crew,Male,Adult,No
12,Crew,Male,Adult,No
12,Crew,Male,Adult,No
12,Crew,Male,Adult,No
12,Crew,Male,Adult,No
12,Crew,Male,Adult,No
12,Crew,Male,Adult,No
12,Crew,Male,Adult,No
12,Crew,Male,Adult,No
12,Crew,Male,Adult,No
12,Crew,Male,Adult,No
12,Crew,Male,Adult,No
12,Crew,Male,Adult,No
12,Crew,Male,Adult,No
12,Crew,Male,Adult,No
12,Crew,Male,Adult,No
12,Crew,Male,Adult,No
12,Crew,Male,Adult,No
12,Crew,Male,Adult,No
12,Crew,Male,Adult,No
12,Crew,Male,Adult,No
12,Crew,Male,Adult,No
12,Crew,Male,Adult,No
12,Crew,Male,Adult,No
12,Crew,Male,Adult,No
12,Crew,Male,Adult,No
12,Crew,Male,Adult,No
12,Crew,Male,Adult,No
12,Crew,Male,Adult,No
12,Crew,Male,Adult,No
12,Crew,Male,Adult,No
12,Crew,Male,Adult,No
12,Crew,Male,Adult,No
12,Crew,Male,Adult,No
12,Crew,Male,Adult,No
12,Crew,Male,Adult,No
12,Crew,Male,Adult,No
12,Crew,Male,Adult,No
12,Crew,Male,Adult,No
12,Crew,Male,Adult,No
12,Crew,Male,Adult,No
12,Crew,Male,Adult,No
12,Crew,Male,Adult,No
12,Crew,Male,Adult,No
12,Crew,Male,Adult,No
12,Crew,Male,Adult,No
12,Crew,Male,Adult,No
12,Crew,Male,Adult,No
12,Crew,Male,Adult,No
12,Crew,Male,Adult,No
12,Crew,Male,Adult,No
12,Crew,Male,Adult,No
12,Crew,Male,Adult,No
12,Crew,Male,Adult,No
12,Crew,Male,Adult,No
12,Crew,Male,Adult,No
12,Crew,Male,Adult,No
12,Crew,Male,Adult,No
12,Crew,Male,Adult,No
12,Crew,Male,Adult,No
12,Crew,Male,Adult,No
12,Crew,Male,Adult,No
12,Crew,Male,Adult,No
12,Crew,Male,Adult,No
12,Crew,Male,Adult,No
12,Crew,Male,Adult,No
12,Crew,Male,Adult,No
12,Crew,Male,Adult,No
12,Crew,Male,Adult,No
12,Crew,Male,Adult,No
12,Crew,Male,Adult,No
12,Crew,Male,Adult,No
12,Crew,Male,Adult,No
12,Crew,Male,Adult,No
12,Crew,Male,Adult,No
12,Crew,Male,Adult,No
12,Crew,Male,Adult,No
12,Crew,Male,Adult,No
12,Crew,Male,Adult,No
12,Crew,Male,Adult,No
12,Crew,Male,Adult,No
12,Crew,Male,Adult,No
12,Crew,Male,Adult,No
12,Crew,Male,Adult,No
12,Crew,Male,Adult,No
12,Crew,Male,Adult,No
12,Crew,Male,Adult,No
12,Crew,Male,Adult,No
12,Crew,Male,Adult,No
12,Crew,Male,Adult,No
12,Crew,Male,Adult,No
12,Crew,Male,Adult,No
12,Crew,Male,Adult,No
12,Crew,Male,Adult,No
12,Crew,Male,Adult,No
12,Crew,Male,Adult,No
12,Crew,Male,Adult,No
12,Crew,Male,Adult,No
12,Crew,Male,Adult,No
12,Crew,Male,Adult,No
12,Crew,Male,Adult,No
12,Crew,Male,Adult,No
12,Crew,Male,Adult,No
12,Crew,Male,Adult,No
12,Crew,Male,Adult,No
12,Crew,Male,Adult,No
12,Crew,Male,Adult,No
12,Crew,Male,Adult,No
12,Crew,Male,Adult,No
12,Crew,Male,Adult,No
12,Crew,Male,Adult,No
12,Crew,Male,Adult,No
12,Crew,Male,Adult,No
12,Crew,Male,Adult,No
12,Crew,Male,Adult,No
12,Crew,Male,Adult,No
12,Crew,Male,Adult,No
12,Crew,Male,Adult,No
12,Crew,Male,Adult,No
12,Crew,Male,Adult,No
12,Crew,Male,Adult,No
12,Crew,Male,Adult,No
12,Crew,Male,Adult,No
12,Crew,Male,Adult,No
12,Crew,Male,Adult,No
12,Crew,Male,Adult,No
12,Crew,Male,Adult,No
12,Crew,Male,Adult,No
12,Crew,Male,Adult,No
12,Crew,Male,Adult,No
12,Crew,Male,Adult,No
12,Crew,Male,Adult,No
12,Crew,Male,Adult,No
12,Crew,Male,Adult,No
12,Crew,Male,Adult,No
12,Crew,Male,Adult,No
12,Crew,Male,Adult,No
12,Crew,Male,Adult,No
12,Crew,Male,Adult,No
12,Crew,Male,Adult,No
12,Crew,Male,Adult,No
12,Crew,Male,Adult,No
12,Crew,Male,Adult,No
12,Crew,Male,Adult,No
12,Crew,Male,Adult,No
12,Crew,Male,Adult,No
12,Crew,Male,Adult,No
12,Crew,Male,Adult,No
12,Crew,Male,Adult,No
12,Crew,Male,Adult,No
12,Crew,Male,Adult,No
12,Crew,Male,Adult,No
12,Crew,Male,Adult,No
12,Crew,Male,Adult,No
12,Crew,Male,Adult,No
12,Crew,Male,Adult,No
12,Crew,Male,Adult,No
12,Crew,Male,Adult,No
12,Crew,Male,Adult,No
12,Crew,Male,Adult,No
12,Crew,Male,Adult,No
12,Crew,Male,Adult,No
12,Crew,Male,Adult,No
12,Crew,Male,Adult,No
12,Crew,Male,Adult,No
12,Crew,Male,Adult,No
12,Crew,Male,Adult,No
12,Crew,Male,Adult,No
12,Crew,Male,Adult,No
12,Crew,Male,Adult,No
12,Crew,Male,Adult,No
12,Crew,Male,Adult,No
12,Crew,Male,Adult,No
12,Crew,Male,Adult,No
12,Crew,Male,Adult,No
12,Crew,Male,Adult,No
12,Crew,Male,Adult,No
12,Crew,Male,Adult,No
12,Crew,Male,Adult,No
12,Crew,Male,Adult,No
12,Crew,Male,Adult,No
12,Crew,Male,Adult,No
12,Crew,Male,Adult,No
12,Crew,Male,Adult,No
12,Crew,Male,Adult,No
12,Crew,Male,Adult,No
12,Crew,Male,Adult,No
12,Crew,Male,Adult,No
12,Crew,Male,Adult,No
12,Crew,Male,Adult,No
12,Crew,Male,Adult,No
12,Crew,Male,Adult,No
12,Crew,Male,Adult,No
12,Crew,Male,Adult,No
12,Crew,Male,Adult,No
12,Crew,Male,Adult,No
12,Crew,Male,Adult,No
12,Crew,Male,Adult,No
12,Crew,Male,Adult,No
12,Crew,Male,Adult,No
12,Crew,Male,Adult,No
12,Crew,Male,Adult,No
12,Crew,Male,Adult,No
12,Crew,Male,Adult,No
12,Crew,Male,Adult,No
12,Crew,Male,Adult,No
12,Crew,Male,Adult,No
12,Crew,Male,Adult,No
12,Crew,Male,Adult,No
12,Crew,Male,Adult,No
12,Crew,Male,Adult,No
12,Crew,Male,Adult,No
12,Crew,Male,Adult,No
12,Crew,Male,Adult,No
12,Crew,Male,Adult,No
12,Crew,Male,Adult,No
12,Crew,Male,Adult,No
12,Crew,Male,Adult,No
12,Crew,Male,Adult,No
12,Crew,Male,Adult,No
12,Crew,Male,Adult,No
12,Crew,Male,Adult,No
12,Crew,Male,Adult,No
12,Crew,Male,Adult,No
12,Crew,Male,Adult,No
12,Crew,Male,Adult,No
12,Crew,Male,Adult,No
12,Crew,Male,Adult,No
12,Crew,Male,Adult,No
12,Crew,Male,Adult,No
12,Crew,Male,Adult,No
12,Crew,Male,Adult,No
12,Crew,Male,Adult,No
12,Crew,Male,Adult,No
12,Crew,Male,Adult,No
12,Crew,Male,Adult,No
12,Crew,Male,Adult,No
12,Crew,Male,Adult,No
12,Crew,Male,Adult,No
12,Crew,Male,Adult,No
12,Crew,Male,Adult,No
12,Crew,Male,Adult,No
12,Crew,Male,Adult,No
12,Crew,Male,Adult,No
12,Crew,Male,Adult,No
12,Crew,Male,Adult,No
12,Crew,Male,Adult,No
12,Crew,Male,Adult,No
12,Crew,Male,Adult,No
12,Crew,Male,Adult,No
12,Crew,Male,Adult,No
12,Crew,Male,Adult,No
12,Crew,Male,Adult,No
12,Crew,Male,Adult,No
12,Crew,Male,Adult,No
12,Crew,Male,Adult,No
12,Crew,Male,Adult,No
12,Crew,Male,Adult,No
12,Crew,Male,Adult,No
12,Crew,Male,Adult,No
12,Crew,Male,Adult,No
12,Crew,Male,Adult,No
12,Crew,Male,Adult,No
12,Crew,Male,Adult,No
12,Crew,Male,Adult,No
12,Crew,Male,Adult,No
12,Crew,Male,Adult,No
12,Crew,Male,Adult,No
12,Crew,Male,Adult,No
12,Crew,Male,Adult,No
12,Crew,Male,Adult,No
12,Crew,Male,Adult,No
12,Crew,Male,Adult,No
12,Crew,Male,Adult,No
12,Crew,Male,Adult,No
12,Crew,Male,Adult,No
12,Crew,Male,Adult,No
12,Crew,Male,Adult,No
12,Crew,Male,Adult,No
12,Crew,Male,Adult,No
12,Crew,Male,Adult,No
12,Crew,Male,Adult,No
12,Crew,Male,Adult,No
12,Crew,Male,Adult,No
12,Crew,Male,Adult,No
12,Crew,Male,Adult,No
12,Crew,Male,Adult,No
12,Crew,Male,Adult,No
12,Crew,Male,Adult,No
12,Crew,Male,Adult,No
12,Crew,Male,Adult,No
12,Crew,Male,Adult,No
12,Crew,Male,Adult,No
12,Crew,Male,Adult,No
12,Crew,Male,Adult,No
12,Crew,Male,Adult,No
12,Crew,Male,Adult,No
12,Crew,Male,Adult,No
12,Crew,Male,Adult,No
12,Crew,Male,Adult,No
12,Crew,Male,Adult,No
12,Crew,Male,Adult,No
12,Crew,Male,Adult,No
12,Crew,Male,Adult,No
12,Crew,Male,Adult,No
12,Crew,Male,Adult,No
12,Crew,Male,Adult,No
12,Crew,Male,Adult,No
12,Crew,Male,Adult,No
12,Crew,Male,Adult,No
12,Crew,Male,Adult,No
12,Crew,Male,Adult,No
12,Crew,Male,Adult,No
12,Crew,Male,Adult,No
12,Crew,Male,Adult,No
12,Crew,Male,Adult,No
12,Crew,Male,Adult,No
12,Crew,Male,Adult,No
12,Crew,Male,Adult,No
12,Crew,Male,Adult,No
12,Crew,Male,Adult,No
12,Crew,Male,Adult,No
12,Crew,Male,Adult,No
12,Crew,Male,Adult,No
12,Crew,Male,Adult,No
12,Crew,Male,Adult,No
12,Crew,Male,Adult,No
12,Crew,Male,Adult,No
12,Crew,Male,Adult,No
12,Crew,Male,Adult,No
12,Crew,Male,Adult,No
12,Crew,Male,Adult,No
12,Crew,Male,Adult,No
12,Crew,Male,Adult,No
12,Crew,Male,Adult,No
12,Crew,Male,Adult,No
12,Crew,Male,Adult,No
12,Crew,Male,Adult,No
12,Crew,Male,Adult,No
12,Crew,Male,Adult,No
12,Crew,Male,Adult,No
12,Crew,Male,Adult,No
12,Crew,Male,Adult,No
12,Crew,Male,Adult,No
12,Crew,Male,Adult,No
12,Crew,Male,Adult,No
12,Crew,Male,Adult,No
12,Crew,Male,Adult,No
12,Crew,Male,Adult,No
12,Crew,Male,Adult,No
12,Crew,Male,Adult,No
12,Crew,Male,Adult,No
12,Crew,Male,Adult,No
12,Crew,Male,Adult,No
12,Crew,Male,Adult,No
12,Crew,Male,Adult,No
12,Crew,Male,Adult,No
12,Crew,Male,Adult,No
12,Crew,Male,Adult,No
12,Crew,Male,Adult,No
12,Crew,Male,Adult,No
12,Crew,Male,Adult,No
12,Crew,Male,Adult,No
12,Crew,Male,Adult,No
12,Crew,Male,Adult,No
12,Crew,Male,Adult,No
12,Crew,Male,Adult,No
12,Crew,Male,Adult,No
12,Crew,Male,Adult,No
12,Crew,Male,Adult,No
12,Crew,Male,Adult,No
12,Crew,Male,Adult,No
12,Crew,Male,Adult,No
12,Crew,Male,Adult,No
12,Crew,Male,Adult,No
12,Crew,Male,Adult,No
12,Crew,Male,Adult,No
12,Crew,Male,Adult,No
12,Crew,Male,Adult,No
12,Crew,Male,Adult,No
12,Crew,Male,Adult,No
12,Crew,Male,Adult,No
12,Crew,Male,Adult,No
12,Crew,Male,Adult,No
12,Crew,Male,Adult,No
12,Crew,Male,Adult,No
12,Crew,Male,Adult,No
12,Crew,Male,Adult,No
12,Crew,Male,Adult,No
12,Crew,Male,Adult,No
12,Crew,Male,Adult,No
12,Crew,Male,Adult,No
12,Crew,Male,Adult,No
12,Crew,Male,Adult,No
12,Crew,Male,Adult,No
12,Crew,Male,Adult,No
12,Crew,Male,Adult,No
12,Crew,Male,Adult,No
12,Crew,Male,Adult,No
12,Crew,Male,Adult,No
12,Crew,Male,Adult,No
12,Crew,Male,Adult,No
12,Crew,Male,Adult,No
12,Crew,Male,Adult,No
12,Crew,Male,Adult,No
12,Crew,Male,Adult,No
12,Crew,Male,Adult,No
12,Crew,Male,Adult,No
12,Crew,Male,Adult,No
12,Crew,Male,Adult,No
12,Crew,Male,Adult,No
12,Crew,Male,Adult,No
12,Crew,Male,Adult,No
12,Crew,Male,Adult,No
12,Crew,Male,Adult,No
12,Crew,Male,Adult,No
12,Crew,Male,Adult,No
12,Crew,Male,Adult,No
12,Crew,Male,Adult,No
12,Crew,Male,Adult,No
12,Crew,Male,Adult,No
12,Crew,Male,Adult,No
12,Crew,Male,Adult,No
12,Crew,Male,Adult,No
12,Crew,Male,Adult,No
12,Crew,Male,Adult,No
12,Crew,Male,Adult,No
12,Crew,Male,Adult,No
12,Crew,Male,Adult,No
12,Crew,Male,Adult,No
12,Crew,Male,Adult,No
12,Crew,Male,Adult,No
12,Crew,Male,Adult,No
12,Crew,Male,Adult,No
12,Crew,Male,Adult,No
12,Crew,Male,Adult,No
12,Crew,Male,Adult,No
12,Crew,Male,Adult,No
12,Crew,Male,Adult,No
12,Crew,Male,Adult,No
12,Crew,Male,Adult,No
13,1st,Female,Adult,No
13,1st,Female,Adult,No
13,1st,Female,Adult,No
13,1st,Female,Adult,No
14,2nd,Female,Adult,No
14,2nd,Female,Adult,No
14,2nd,Female,Adult,No
14,2nd,Female,Adult,No
14,2nd,Female,Adult,No
14,2nd,Female,Adult,No
14,2nd,Female,Adult,No
14,2nd,Female,Adult,No
14,2nd,Female,Adult,No
14,2nd,Female,Adult,No
14,2nd,Female,Adult,No
14,2nd,Female,Adult,No
14,2nd,Female,Adult,No
15,3rd,Female,Adult,No
15,3rd,Female,Adult,No
15,3rd,Female,Adult,No
15,3rd,Female,Adult,No
15,3rd,Female,Adult,No
15,3rd,Female,Adult,No
15,3rd,Female,Adult,No
15,3rd,Female,Adult,No
15,3rd,Female,Adult,No
15,3rd,Female,Adult,No
15,3rd,Female,Adult,No
15,3rd,Female,Adult,No
15,3rd,Female,Adult,No
15,3rd,Female,Adult,No
15,3rd,Female,Adult,No
15,3rd,Female,Adult,No
15,3rd,Female,Adult,No
15,3rd,Female,Adult,No
15,3rd,Female,Adult,No
15,3rd,Female,Adult,No
15,3rd,Female,Adult,No
15,3rd,Female,Adult,No
15,3rd,Female,Adult,No
15,3rd,Female,Adult,No
15,3rd,Female,Adult,No
15,3rd,Female,Adult,No
15,3rd,Female,Adult,No
15,3rd,Female,Adult,No
15,3rd,Female,Adult,No
15,3rd,Female,Adult,No
15,3rd,Female,Adult,No
15,3rd,Female,Adult,No
15,3rd,Female,Adult,No
15,3rd,Female,Adult,No
15,3rd,Female,Adult,No
15,3rd,Female,Adult,No
15,3rd,Female,Adult,No
15,3rd,Female,Adult,No
15,3rd,Female,Adult,No
15,3rd,Female,Adult,No
15,3rd,Female,Adult,No
15,3rd,Female,Adult,No
15,3rd,Female,Adult,No
15,3rd,Female,Adult,No
15,3rd,Female,Adult,No
15,3rd,Female,Adult,No
15,3rd,Female,Adult,No
15,3rd,Female,Adult,No
15,3rd,Female,Adult,No
15,3rd,Female,Adult,No
15,3rd,Female,Adult,No
15,3rd,Female,Adult,No
15,3rd,Female,Adult,No
15,3rd,Female,Adult,No
15,3rd,Female,Adult,No
15,3rd,Female,Adult,No
15,3rd,Female,Adult,No
15,3rd,Female,Adult,No
15,3rd,Female,Adult,No
15,3rd,Female,Adult,No
15,3rd,Female,Adult,No
15,3rd,Female,Adult,No
15,3rd,Female,Adult,No
15,3rd,Female,Adult,No
15,3rd,Female,Adult,No
15,3rd,Female,Adult,No
15,3rd,Female,Adult,No
15,3rd,Female,Adult,No
15,3rd,Female,Adult,No
15,3rd,Female,Adult,No
15,3rd,Female,Adult,No
15,3rd,Female,Adult,No
15,3rd,Female,Adult,No
15,3rd,Female,Adult,No
15,3rd,Female,Adult,No
15,3rd,Female,Adult,No
15,3rd,Female,Adult,No
15,3rd,Female,Adult,No
15,3rd,Female,Adult,No
15,3rd,Female,Adult,No
15,3rd,Female,Adult,No
15,3rd,Female,Adult,No
15,3rd,Female,Adult,No
15,3rd,Female,Adult,No
15,3rd,Female,Adult,No
15,3rd,Female,Adult,No
15,3rd,Female,Adult,No
15,3rd,Female,Adult,No
15,3rd,Female,Adult,No
16,Crew,Female,Adult,No
16,Crew,Female,Adult,No
16,Crew,Female,Adult,No
17,1st,Male,Child,Yes
17,1st,Male,Child,Yes
17,1st,Male,Child,Yes
17,1st,Male,Child,Yes
17,1st,Male,Child,Yes
18,2nd,Male,Child,Yes
18,2nd,Male,Child,Yes
18,2nd,Male,Child,Yes
18,2nd,Male,Child,Yes
18,2nd,Male,Child,Yes
18,2nd,Male,Child,Yes
18,2nd,Male,Child,Yes
18,2nd,Male,Child,Yes
18,2nd,Male,Child,Yes
18,2nd,Male,Child,Yes
18,2nd,Male,Child,Yes
19,3rd,Male,Child,Yes
19,3rd,Male,Child,Yes
19,3rd,Male,Child,Yes
19,3rd,Male,Child,Yes
19,3rd,Male,Child,Yes
19,3rd,Male,Child,Yes
19,3rd,Male,Child,Yes
19,3rd,Male,Child,Yes
19,3rd,Male,Child,Yes
19,3rd,Male,Child,Yes
19,3rd,Male,Child,Yes
19,3rd,Male,Child,Yes
19,3rd,Male,Child,Yes
20,Crew,Male,Child,Yes
21,1st,Female,Child,Yes
22,2nd,Female,Child,Yes
22,2nd,Female,Child,Yes
22,2nd,Female,Child,Yes
22,2nd,Female,Child,Yes
22,2nd,Female,Child,Yes
22,2nd,Female,Child,Yes
22,2nd,Female,Child,Yes
22,2nd,Female,Child,Yes
22,2nd,Female,Child,Yes
22,2nd,Female,Child,Yes
22,2nd,Female,Child,Yes
22,2nd,Female,Child,Yes
22,2nd,Female,Child,Yes
23,3rd,Female,Child,Yes
23,3rd,Female,Child,Yes
23,3rd,Female,Child,Yes
23,3rd,Female,Child,Yes
23,3rd,Female,Child,Yes
23,3rd,Female,Child,Yes
23,3rd,Female,Child,Yes
23,3rd,Female,Child,Yes
23,3rd,Female,Child,Yes
23,3rd,Female,Child,Yes
23,3rd,Female,Child,Yes
23,3rd,Female,Child,Yes
23,3rd,Female,Child,Yes
23,3rd,Female,Child,Yes
24,Crew,Female,Child,Yes
25,1st,Male,Adult,Yes
25,1st,Male,Adult,Yes
25,1st,Male,Adult,Yes
25,1st,Male,Adult,Yes
25,1st,Male,Adult,Yes
25,1st,Male,Adult,Yes
25,1st,Male,Adult,Yes
25,1st,Male,Adult,Yes
25,1st,Male,Adult,Yes
25,1st,Male,Adult,Yes
25,1st,Male,Adult,Yes
25,1st,Male,Adult,Yes
25,1st,Male,Adult,Yes
25,1st,Male,Adult,Yes
25,1st,Male,Adult,Yes
25,1st,Male,Adult,Yes
25,1st,Male,Adult,Yes
25,1st,Male,Adult,Yes
25,1st,Male,Adult,Yes
25,1st,Male,Adult,Yes
25,1st,Male,Adult,Yes
25,1st,Male,Adult,Yes
25,1st,Male,Adult,Yes
25,1st,Male,Adult,Yes
25,1st,Male,Adult,Yes
25,1st,Male,Adult,Yes
25,1st,Male,Adult,Yes
25,1st,Male,Adult,Yes
25,1st,Male,Adult,Yes
25,1st,Male,Adult,Yes
25,1st,Male,Adult,Yes
25,1st,Male,Adult,Yes
25,1st,Male,Adult,Yes
25,1st,Male,Adult,Yes
25,1st,Male,Adult,Yes
25,1st,Male,Adult,Yes
25,1st,Male,Adult,Yes
25,1st,Male,Adult,Yes
25,1st,Male,Adult,Yes
25,1st,Male,Adult,Yes
25,1st,Male,Adult,Yes
25,1st,Male,Adult,Yes
25,1st,Male,Adult,Yes
25,1st,Male,Adult,Yes
25,1st,Male,Adult,Yes
25,1st,Male,Adult,Yes
25,1st,Male,Adult,Yes
25,1st,Male,Adult,Yes
25,1st,Male,Adult,Yes
25,1st,Male,Adult,Yes
25,1st,Male,Adult,Yes
25,1st,Male,Adult,Yes
25,1st,Male,Adult,Yes
25,1st,Male,Adult,Yes
25,1st,Male,Adult,Yes
25,1st,Male,Adult,Yes
25,1st,Male,Adult,Yes
26,2nd,Male,Adult,Yes
26,2nd,Male,Adult,Yes
26,2nd,Male,Adult,Yes
26,2nd,Male,Adult,Yes
26,2nd,Male,Adult,Yes
26,2nd,Male,Adult,Yes
26,2nd,Male,Adult,Yes
26,2nd,Male,Adult,Yes
26,2nd,Male,Adult,Yes
26,2nd,Male,Adult,Yes
26,2nd,Male,Adult,Yes
26,2nd,Male,Adult,Yes
26,2nd,Male,Adult,Yes
26,2nd,Male,Adult,Yes
27,3rd,Male,Adult,Yes
27,3rd,Male,Adult,Yes
27,3rd,Male,Adult,Yes
27,3rd,Male,Adult,Yes
27,3rd,Male,Adult,Yes
27,3rd,Male,Adult,Yes
27,3rd,Male,Adult,Yes
27,3rd,Male,Adult,Yes
27,3rd,Male,Adult,Yes
27,3rd,Male,Adult,Yes
27,3rd,Male,Adult,Yes
27,3rd,Male,Adult,Yes
27,3rd,Male,Adult,Yes
27,3rd,Male,Adult,Yes
27,3rd,Male,Adult,Yes
27,3rd,Male,Adult,Yes
27,3rd,Male,Adult,Yes
27,3rd,Male,Adult,Yes
27,3rd,Male,Adult,Yes
27,3rd,Male,Adult,Yes
27,3rd,Male,Adult,Yes
27,3rd,Male,Adult,Yes
27,3rd,Male,Adult,Yes
27,3rd,Male,Adult,Yes
27,3rd,Male,Adult,Yes
27,3rd,Male,Adult,Yes
27,3rd,Male,Adult,Yes
27,3rd,Male,Adult,Yes
27,3rd,Male,Adult,Yes
27,3rd,Male,Adult,Yes
27,3rd,Male,Adult,Yes
27,3rd,Male,Adult,Yes
27,3rd,Male,Adult,Yes
27,3rd,Male,Adult,Yes
27,3rd,Male,Adult,Yes
27,3rd,Male,Adult,Yes
27,3rd,Male,Adult,Yes
27,3rd,Male,Adult,Yes
27,3rd,Male,Adult,Yes
27,3rd,Male,Adult,Yes
27,3rd,Male,Adult,Yes
27,3rd,Male,Adult,Yes
27,3rd,Male,Adult,Yes
27,3rd,Male,Adult,Yes
27,3rd,Male,Adult,Yes
27,3rd,Male,Adult,Yes
27,3rd,Male,Adult,Yes
27,3rd,Male,Adult,Yes
27,3rd,Male,Adult,Yes
27,3rd,Male,Adult,Yes
27,3rd,Male,Adult,Yes
27,3rd,Male,Adult,Yes
27,3rd,Male,Adult,Yes
27,3rd,Male,Adult,Yes
27,3rd,Male,Adult,Yes
27,3rd,Male,Adult,Yes
27,3rd,Male,Adult,Yes
27,3rd,Male,Adult,Yes
27,3rd,Male,Adult,Yes
27,3rd,Male,Adult,Yes
27,3rd,Male,Adult,Yes
27,3rd,Male,Adult,Yes
27,3rd,Male,Adult,Yes
27,3rd,Male,Adult,Yes
27,3rd,Male,Adult,Yes
27,3rd,Male,Adult,Yes
27,3rd,Male,Adult,Yes
27,3rd,Male,Adult,Yes
27,3rd,Male,Adult,Yes
27,3rd,Male,Adult,Yes
27,3rd,Male,Adult,Yes
27,3rd,Male,Adult,Yes
27,3rd,Male,Adult,Yes
27,3rd,Male,Adult,Yes
27,3rd,Male,Adult,Yes
28,Crew,Male,Adult,Yes
28,Crew,Male,Adult,Yes
28,Crew,Male,Adult,Yes
28,Crew,Male,Adult,Yes
28,Crew,Male,Adult,Yes
28,Crew,Male,Adult,Yes
28,Crew,Male,Adult,Yes
28,Crew,Male,Adult,Yes
28,Crew,Male,Adult,Yes
28,Crew,Male,Adult,Yes
28,Crew,Male,Adult,Yes
28,Crew,Male,Adult,Yes
28,Crew,Male,Adult,Yes
28,Crew,Male,Adult,Yes
28,Crew,Male,Adult,Yes
28,Crew,Male,Adult,Yes
28,Crew,Male,Adult,Yes
28,Crew,Male,Adult,Yes
28,Crew,Male,Adult,Yes
28,Crew,Male,Adult,Yes
28,Crew,Male,Adult,Yes
28,Crew,Male,Adult,Yes
28,Crew,Male,Adult,Yes
28,Crew,Male,Adult,Yes
28,Crew,Male,Adult,Yes
28,Crew,Male,Adult,Yes
28,Crew,Male,Adult,Yes
28,Crew,Male,Adult,Yes
28,Crew,Male,Adult,Yes
28,Crew,Male,Adult,Yes
28,Crew,Male,Adult,Yes
28,Crew,Male,Adult,Yes
28,Crew,Male,Adult,Yes
28,Crew,Male,Adult,Yes
28,Crew,Male,Adult,Yes
28,Crew,Male,Adult,Yes
28,Crew,Male,Adult,Yes
28,Crew,Male,Adult,Yes
28,Crew,Male,Adult,Yes
28,Crew,Male,Adult,Yes
28,Crew,Male,Adult,Yes
28,Crew,Male,Adult,Yes
28,Crew,Male,Adult,Yes
28,Crew,Male,Adult,Yes
28,Crew,Male,Adult,Yes
28,Crew,Male,Adult,Yes
28,Crew,Male,Adult,Yes
28,Crew,Male,Adult,Yes
28,Crew,Male,Adult,Yes
28,Crew,Male,Adult,Yes
28,Crew,Male,Adult,Yes
28,Crew,Male,Adult,Yes
28,Crew,Male,Adult,Yes
28,Crew,Male,Adult,Yes
28,Crew,Male,Adult,Yes
28,Crew,Male,Adult,Yes
28,Crew,Male,Adult,Yes
28,Crew,Male,Adult,Yes
28,Crew,Male,Adult,Yes
28,Crew,Male,Adult,Yes
28,Crew,Male,Adult,Yes
28,Crew,Male,Adult,Yes
28,Crew,Male,Adult,Yes
28,Crew,Male,Adult,Yes
28,Crew,Male,Adult,Yes
28,Crew,Male,Adult,Yes
28,Crew,Male,Adult,Yes
28,Crew,Male,Adult,Yes
28,Crew,Male,Adult,Yes
28,Crew,Male,Adult,Yes
28,Crew,Male,Adult,Yes
28,Crew,Male,Adult,Yes
28,Crew,Male,Adult,Yes
28,Crew,Male,Adult,Yes
28,Crew,Male,Adult,Yes
28,Crew,Male,Adult,Yes
28,Crew,Male,Adult,Yes
28,Crew,Male,Adult,Yes
28,Crew,Male,Adult,Yes
28,Crew,Male,Adult,Yes
28,Crew,Male,Adult,Yes
28,Crew,Male,Adult,Yes
28,Crew,Male,Adult,Yes
28,Crew,Male,Adult,Yes
28,Crew,Male,Adult,Yes
28,Crew,Male,Adult,Yes
28,Crew,Male,Adult,Yes
28,Crew,Male,Adult,Yes
28,Crew,Male,Adult,Yes
28,Crew,Male,Adult,Yes
28,Crew,Male,Adult,Yes
28,Crew,Male,Adult,Yes
28,Crew,Male,Adult,Yes
28,Crew,Male,Adult,Yes
28,Crew,Male,Adult,Yes
28,Crew,Male,Adult,Yes
28,Crew,Male,Adult,Yes
28,Crew,Male,Adult,Yes
28,Crew,Male,Adult,Yes
28,Crew,Male,Adult,Yes
28,Crew,Male,Adult,Yes
28,Crew,Male,Adult,Yes
28,Crew,Male,Adult,Yes
28,Crew,Male,Adult,Yes
28,Crew,Male,Adult,Yes
28,Crew,Male,Adult,Yes
28,Crew,Male,Adult,Yes
28,Crew,Male,Adult,Yes
28,Crew,Male,Adult,Yes
28,Crew,Male,Adult,Yes
28,Crew,Male,Adult,Yes
28,Crew,Male,Adult,Yes
28,Crew,Male,Adult,Yes
28,Crew,Male,Adult,Yes
28,Crew,Male,Adult,Yes
28,Crew,Male,Adult,Yes
28,Crew,Male,Adult,Yes
28,Crew,Male,Adult,Yes
28,Crew,Male,Adult,Yes
28,Crew,Male,Adult,Yes
28,Crew,Male,Adult,Yes
28,Crew,Male,Adult,Yes
28,Crew,Male,Adult,Yes
28,Crew,Male,Adult,Yes
28,Crew,Male,Adult,Yes
28,Crew,Male,Adult,Yes
28,Crew,Male,Adult,Yes
28,Crew,Male,Adult,Yes
28,Crew,Male,Adult,Yes
28,Crew,Male,Adult,Yes
28,Crew,Male,Adult,Yes
28,Crew,Male,Adult,Yes
28,Crew,Male,Adult,Yes
28,Crew,Male,Adult,Yes
28,Crew,Male,Adult,Yes
28,Crew,Male,Adult,Yes
28,Crew,Male,Adult,Yes
28,Crew,Male,Adult,Yes
28,Crew,Male,Adult,Yes
28,Crew,Male,Adult,Yes
28,Crew,Male,Adult,Yes
28,Crew,Male,Adult,Yes
28,Crew,Male,Adult,Yes
28,Crew,Male,Adult,Yes
28,Crew,Male,Adult,Yes
28,Crew,Male,Adult,Yes
28,Crew,Male,Adult,Yes
28,Crew,Male,Adult,Yes
28,Crew,Male,Adult,Yes
28,Crew,Male,Adult,Yes
28,Crew,Male,Adult,Yes
28,Crew,Male,Adult,Yes
28,Crew,Male,Adult,Yes
28,Crew,Male,Adult,Yes
28,Crew,Male,Adult,Yes
28,Crew,Male,Adult,Yes
28,Crew,Male,Adult,Yes
28,Crew,Male,Adult,Yes
28,Crew,Male,Adult,Yes
28,Crew,Male,Adult,Yes
28,Crew,Male,Adult,Yes
28,Crew,Male,Adult,Yes
28,Crew,Male,Adult,Yes
28,Crew,Male,Adult,Yes
28,Crew,Male,Adult,Yes
28,Crew,Male,Adult,Yes
28,Crew,Male,Adult,Yes
28,Crew,Male,Adult,Yes
28,Crew,Male,Adult,Yes
28,Crew,Male,Adult,Yes
28,Crew,Male,Adult,Yes
28,Crew,Male,Adult,Yes
28,Crew,Male,Adult,Yes
28,Crew,Male,Adult,Yes
28,Crew,Male,Adult,Yes
28,Crew,Male,Adult,Yes
28,Crew,Male,Adult,Yes
28,Crew,Male,Adult,Yes
28,Crew,Male,Adult,Yes
28,Crew,Male,Adult,Yes
28,Crew,Male,Adult,Yes
28,Crew,Male,Adult,Yes
28,Crew,Male,Adult,Yes
28,Crew,Male,Adult,Yes
28,Crew,Male,Adult,Yes
28,Crew,Male,Adult,Yes
28,Crew,Male,Adult,Yes
28,Crew,Male,Adult,Yes
28,Crew,Male,Adult,Yes
28,Crew,Male,Adult,Yes
28,Crew,Male,Adult,Yes
28,Crew,Male,Adult,Yes
29,1st,Female,Adult,Yes
29,1st,Female,Adult,Yes
29,1st,Female,Adult,Yes
29,1st,Female,Adult,Yes
29,1st,Female,Adult,Yes
29,1st,Female,Adult,Yes
29,1st,Female,Adult,Yes
29,1st,Female,Adult,Yes
29,1st,Female,Adult,Yes
29,1st,Female,Adult,Yes
29,1st,Female,Adult,Yes
29,1st,Female,Adult,Yes
29,1st,Female,Adult,Yes
29,1st,Female,Adult,Yes
29,1st,Female,Adult,Yes
29,1st,Female,Adult,Yes
29,1st,Female,Adult,Yes
29,1st,Female,Adult,Yes
29,1st,Female,Adult,Yes
29,1st,Female,Adult,Yes
29,1st,Female,Adult,Yes
29,1st,Female,Adult,Yes
29,1st,Female,Adult,Yes
29,1st,Female,Adult,Yes
29,1st,Female,Adult,Yes
29,1st,Female,Adult,Yes
29,1st,Female,Adult,Yes
29,1st,Female,Adult,Yes
29,1st,Female,Adult,Yes
29,1st,Female,Adult,Yes
29,1st,Female,Adult,Yes
29,1st,Female,Adult,Yes
29,1st,Female,Adult,Yes
29,1st,Female,Adult,Yes
29,1st,Female,Adult,Yes
29,1st,Female,Adult,Yes
29,1st,Female,Adult,Yes
29,1st,Female,Adult,Yes
29,1st,Female,Adult,Yes
29,1st,Female,Adult,Yes
29,1st,Female,Adult,Yes
29,1st,Female,Adult,Yes
29,1st,Female,Adult,Yes
29,1st,Female,Adult,Yes
29,1st,Female,Adult,Yes
29,1st,Female,Adult,Yes
29,1st,Female,Adult,Yes
29,1st,Female,Adult,Yes
29,1st,Female,Adult,Yes
29,1st,Female,Adult,Yes
29,1st,Female,Adult,Yes
29,1st,Female,Adult,Yes
29,1st,Female,Adult,Yes
29,1st,Female,Adult,Yes
29,1st,Female,Adult,Yes
29,1st,Female,Adult,Yes
29,1st,Female,Adult,Yes
29,1st,Female,Adult,Yes
29,1st,Female,Adult,Yes
29,1st,Female,Adult,Yes
29,1st,Female,Adult,Yes
29,1st,Female,Adult,Yes
29,1st,Female,Adult,Yes
29,1st,Female,Adult,Yes
29,1st,Female,Adult,Yes
29,1st,Female,Adult,Yes
29,1st,Female,Adult,Yes
29,1st,Female,Adult,Yes
29,1st,Female,Adult,Yes
29,1st,Female,Adult,Yes
29,1st,Female,Adult,Yes
29,1st,Female,Adult,Yes
29,1st,Female,Adult,Yes
29,1st,Female,Adult,Yes
29,1st,Female,Adult,Yes
29,1st,Female,Adult,Yes
29,1st,Female,Adult,Yes
29,1st,Female,Adult,Yes
29,1st,Female,Adult,Yes
29,1st,Female,Adult,Yes
29,1st,Female,Adult,Yes
29,1st,Female,Adult,Yes
29,1st,Female,Adult,Yes
29,1st,Female,Adult,Yes
29,1st,Female,Adult,Yes
29,1st,Female,Adult,Yes
29,1st,Female,Adult,Yes
29,1st,Female,Adult,Yes
29,1st,Female,Adult,Yes
29,1st,Female,Adult,Yes
29,1st,Female,Adult,Yes
29,1st,Female,Adult,Yes
29,1st,Female,Adult,Yes
29,1st,Female,Adult,Yes
29,1st,Female,Adult,Yes
29,1st,Female,Adult,Yes
29,1st,Female,Adult,Yes
29,1st,Female,Adult,Yes
29,1st,Female,Adult,Yes
29,1st,Female,Adult,Yes
29,1st,Female,Adult,Yes
29,1st,Female,Adult,Yes
29,1st,Female,Adult,Yes
29,1st,Female,Adult,Yes
29,1st,Female,Adult,Yes
29,1st,Female,Adult,Yes
29,1st,Female,Adult,Yes
29,1st,Female,Adult,Yes
29,1st,Female,Adult,Yes
29,1st,Female,Adult,Yes
29,1st,Female,Adult,Yes
29,1st,Female,Adult,Yes
29,1st,Female,Adult,Yes
29,1st,Female,Adult,Yes
29,1st,Female,Adult,Yes
29,1st,Female,Adult,Yes
29,1st,Female,Adult,Yes
29,1st,Female,Adult,Yes
29,1st,Female,Adult,Yes
29,1st,Female,Adult,Yes
29,1st,Female,Adult,Yes
29,1st,Female,Adult,Yes
29,1st,Female,Adult,Yes
29,1st,Female,Adult,Yes
29,1st,Female,Adult,Yes
29,1st,Female,Adult,Yes
29,1st,Female,Adult,Yes
29,1st,Female,Adult,Yes
29,1st,Female,Adult,Yes
29,1st,Female,Adult,Yes
29,1st,Female,Adult,Yes
29,1st,Female,Adult,Yes
29,1st,Female,Adult,Yes
29,1st,Female,Adult,Yes
29,1st,Female,Adult,Yes
29,1st,Female,Adult,Yes
29,1st,Female,Adult,Yes
29,1st,Female,Adult,Yes
29,1st,Female,Adult,Yes
29,1st,Female,Adult,Yes
30,2nd,Female,Adult,Yes
30,2nd,Female,Adult,Yes
30,2nd,Female,Adult,Yes
30,2nd,Female,Adult,Yes
30,2nd,Female,Adult,Yes
30,2nd,Female,Adult,Yes
30,2nd,Female,Adult,Yes
30,2nd,Female,Adult,Yes
30,2nd,Female,Adult,Yes
30,2nd,Female,Adult,Yes
30,2nd,Female,Adult,Yes
30,2nd,Female,Adult,Yes
30,2nd,Female,Adult,Yes
30,2nd,Female,Adult,Yes
30,2nd,Female,Adult,Yes
30,2nd,Female,Adult,Yes
30,2nd,Female,Adult,Yes
30,2nd,Female,Adult,Yes
30,2nd,Female,Adult,Yes
30,2nd,Female,Adult,Yes
30,2nd,Female,Adult,Yes
30,2nd,Female,Adult,Yes
30,2nd,Female,Adult,Yes
30,2nd,Female,Adult,Yes
30,2nd,Female,Adult,Yes
30,2nd,Female,Adult,Yes
30,2nd,Female,Adult,Yes
30,2nd,Female,Adult,Yes
30,2nd,Female,Adult,Yes
30,2nd,Female,Adult,Yes
30,2nd,Female,Adult,Yes
30,2nd,Female,Adult,Yes
30,2nd,Female,Adult,Yes
30,2nd,Female,Adult,Yes
30,2nd,Female,Adult,Yes
30,2nd,Female,Adult,Yes
30,2nd,Female,Adult,Yes
30,2nd,Female,Adult,Yes
30,2nd,Female,Adult,Yes
30,2nd,Female,Adult,Yes
30,2nd,Female,Adult,Yes
30,2nd,Female,Adult,Yes
30,2nd,Female,Adult,Yes
30,2nd,Female,Adult,Yes
30,2nd,Female,Adult,Yes
30,2nd,Female,Adult,Yes
30,2nd,Female,Adult,Yes
30,2nd,Female,Adult,Yes
30,2nd,Female,Adult,Yes
30,2nd,Female,Adult,Yes
30,2nd,Female,Adult,Yes
30,2nd,Female,Adult,Yes
30,2nd,Female,Adult,Yes
30,2nd,Female,Adult,Yes
30,2nd,Female,Adult,Yes
30,2nd,Female,Adult,Yes
30,2nd,Female,Adult,Yes
30,2nd,Female,Adult,Yes
30,2nd,Female,Adult,Yes
30,2nd,Female,Adult,Yes
30,2nd,Female,Adult,Yes
30,2nd,Female,Adult,Yes
30,2nd,Female,Adult,Yes
30,2nd,Female,Adult,Yes
30,2nd,Female,Adult,Yes
30,2nd,Female,Adult,Yes
30,2nd,Female,Adult,Yes
30,2nd,Female,Adult,Yes
30,2nd,Female,Adult,Yes
30,2nd,Female,Adult,Yes
30,2nd,Female,Adult,Yes
30,2nd,Female,Adult,Yes
30,2nd,Female,Adult,Yes
30,2nd,Female,Adult,Yes
30,2nd,Female,Adult,Yes
30,2nd,Female,Adult,Yes
30,2nd,Female,Adult,Yes
30,2nd,Female,Adult,Yes
30,2nd,Female,Adult,Yes
30,2nd,Female,Adult,Yes
31,3rd,Female,Adult,Yes
31,3rd,Female,Adult,Yes
31,3rd,Female,Adult,Yes
31,3rd,Female,Adult,Yes
31,3rd,Female,Adult,Yes
31,3rd,Female,Adult,Yes
31,3rd,Female,Adult,Yes
31,3rd,Female,Adult,Yes
31,3rd,Female,Adult,Yes
31,3rd,Female,Adult,Yes
31,3rd,Female,Adult,Yes
31,3rd,Female,Adult,Yes
31,3rd,Female,Adult,Yes
31,3rd,Female,Adult,Yes
31,3rd,Female,Adult,Yes
31,3rd,Female,Adult,Yes
31,3rd,Female,Adult,Yes
31,3rd,Female,Adult,Yes
31,3rd,Female,Adult,Yes
31,3rd,Female,Adult,Yes
31,3rd,Female,Adult,Yes
31,3rd,Female,Adult,Yes
31,3rd,Female,Adult,Yes
31,3rd,Female,Adult,Yes
31,3rd,Female,Adult,Yes
31,3rd,Female,Adult,Yes
31,3rd,Female,Adult,Yes
31,3rd,Female,Adult,Yes
31,3rd,Female,Adult,Yes
31,3rd,Female,Adult,Yes
31,3rd,Female,Adult,Yes
31,3rd,Female,Adult,Yes
31,3rd,Female,Adult,Yes
31,3rd,Female,Adult,Yes
31,3rd,Female,Adult,Yes
31,3rd,Female,Adult,Yes
31,3rd,Female,Adult,Yes
31,3rd,Female,Adult,Yes
31,3rd,Female,Adult,Yes
31,3rd,Female,Adult,Yes
31,3rd,Female,Adult,Yes
31,3rd,Female,Adult,Yes
31,3rd,Female,Adult,Yes
31,3rd,Female,Adult,Yes
31,3rd,Female,Adult,Yes
31,3rd,Female,Adult,Yes
31,3rd,Female,Adult,Yes
31,3rd,Female,Adult,Yes
31,3rd,Female,Adult,Yes
31,3rd,Female,Adult,Yes
31,3rd,Female,Adult,Yes
31,3rd,Female,Adult,Yes
31,3rd,Female,Adult,Yes
31,3rd,Female,Adult,Yes
31,3rd,Female,Adult,Yes
31,3rd,Female,Adult,Yes
31,3rd,Female,Adult,Yes
31,3rd,Female,Adult,Yes
31,3rd,Female,Adult,Yes
31,3rd,Female,Adult,Yes
31,3rd,Female,Adult,Yes
31,3rd,Female,Adult,Yes
31,3rd,Female,Adult,Yes
31,3rd,Female,Adult,Yes
31,3rd,Female,Adult,Yes
31,3rd,Female,Adult,Yes
31,3rd,Female,Adult,Yes
31,3rd,Female,Adult,Yes
31,3rd,Female,Adult,Yes
31,3rd,Female,Adult,Yes
31,3rd,Female,Adult,Yes
31,3rd,Female,Adult,Yes
31,3rd,Female,Adult,Yes
31,3rd,Female,Adult,Yes
31,3rd,Female,Adult,Yes
31,3rd,Female,Adult,Yes
32,Crew,Female,Adult,Yes
32,Crew,Female,Adult,Yes
32,Crew,Female,Adult,Yes
32,Crew,Female,Adult,Yes
32,Crew,Female,Adult,Yes
32,Crew,Female,Adult,Yes
32,Crew,Female,Adult,Yes
32,Crew,Female,Adult,Yes
32,Crew,Female,Adult,Yes
32,Crew,Female,Adult,Yes
32,Crew,Female,Adult,Yes
32,Crew,Female,Adult,Yes
32,Crew,Female,Adult,Yes
32,Crew,Female,Adult,Yes
32,Crew,Female,Adult,Yes
32,Crew,Female,Adult,Yes
32,Crew,Female,Adult,Yes
32,Crew,Female,Adult,Yes
32,Crew,Female,Adult,Yes
32,Crew,Female,Adult,Yes
